-- phpMyAdmin SQL Dump
-- version 4.9.0.1
-- https://www.phpmyadmin.net/
--
-- Host: 127.0.0.1
-- Generation Time: Dec 15, 2023 at 02:36 AM
-- Server version: 10.4.6-MariaDB
-- PHP Version: 7.3.9

SET SQL_MODE = "NO_AUTO_VALUE_ON_ZERO";
SET AUTOCOMMIT = 0;
START TRANSACTION;
SET time_zone = "+00:00";


/*!40101 SET @OLD_CHARACTER_SET_CLIENT=@@CHARACTER_SET_CLIENT */;
/*!40101 SET @OLD_CHARACTER_SET_RESULTS=@@CHARACTER_SET_RESULTS */;
/*!40101 SET @OLD_COLLATION_CONNECTION=@@COLLATION_CONNECTION */;
/*!40101 SET NAMES utf8mb4 */;

--
-- Database: `anp-grand`
--

-- --------------------------------------------------------

--
-- Table structure for table `absensi`
--

CREATE TABLE `absensi` (
  `id_absensi` int(11) NOT NULL,
  `id_karyawan` int(11) NOT NULL,
  `tgl_absensi` varchar(20) NOT NULL,
  `status_absensi` int(11) NOT NULL,
  `time` timestamp NOT NULL DEFAULT current_timestamp()
) ENGINE=InnoDB DEFAULT CHARSET=latin1;

--
-- Dumping data for table `absensi`
--

INSERT INTO `absensi` (`id_absensi`, `id_karyawan`, `tgl_absensi`, `status_absensi`, `time`) VALUES
(1, 1, '2023-11-01', 1, '2023-11-01 00:13:13'),
(2, 1, '2023-11-02', 2, '2023-11-01 23:14:12'),
(3, 1, '2023-11-03', 1, '2023-11-02 17:00:00'),
(4, 1, '2023-11-04', 2, '2023-11-03 17:00:00'),
(5, 1, '2023-11-05', 1, '2023-11-04 17:00:00'),
(6, 1, '2023-11-06', 2, '2023-11-05 17:00:00'),
(7, 1, '2023-11-07', 2, '2023-11-06 17:00:00'),
(8, 1, '2023-11-08', 1, '2023-11-07 17:00:00'),
(9, 1, '2023-11-09', 1, '2023-11-08 17:00:00'),
(10, 1, '2023-11-10', 2, '2023-11-09 17:00:00'),
(11, 1, '2023-11-11', 2, '2023-11-10 17:00:00'),
(12, 1, '2023-11-12', 1, '2023-11-11 17:00:00'),
(13, 1, '2023-11-13', 1, '2023-11-12 17:00:00'),
(14, 1, '2023-11-14', 2, '2023-11-13 17:00:00'),
(15, 1, '2023-11-15', 1, '2023-11-14 17:00:00'),
(16, 1, '2023-11-16', 2, '2023-11-15 17:00:00'),
(17, 1, '2023-11-17', 2, '2023-11-16 17:00:00'),
(18, 1, '2023-11-18', 1, '2023-11-17 17:00:00'),
(19, 1, '2023-11-19', 2, '2023-11-18 17:00:00'),
(20, 1, '2023-11-20', 1, '2023-11-19 17:00:00'),
(21, 1, '2023-11-21', 1, '2023-11-20 17:00:00'),
(22, 1, '2023-11-22', 2, '2023-11-21 17:00:00'),
(23, 1, '2023-11-23', 1, '2023-11-22 17:00:00'),
(24, 1, '2023-11-24', 1, '2023-11-23 17:00:00'),
(25, 1, '2023-11-25', 1, '2023-11-24 17:00:00'),
(26, 1, '2023-11-26', 1, '2023-11-25 17:00:00'),
(27, 1, '2023-11-27', 2, '2023-11-26 17:00:00'),
(28, 1, '2023-11-28', 2, '2023-11-27 17:00:00'),
(29, 1, '2023-11-29', 2, '2023-11-28 17:00:00'),
(30, 1, '2023-11-30', 1, '2023-11-29 17:00:00'),
(31, 2, '2023-11-01', 1, '2023-10-31 17:00:00'),
(32, 2, '2023-11-02', 1, '2023-11-01 17:00:00'),
(33, 2, '2023-11-03', 2, '2023-11-02 17:00:00'),
(34, 2, '2023-11-04', 2, '2023-11-03 17:00:00'),
(35, 2, '2023-11-05', 2, '2023-11-04 17:00:00'),
(36, 2, '2023-11-06', 2, '2023-11-05 17:00:00'),
(37, 2, '2023-11-07', 1, '2023-11-06 17:00:00'),
(38, 2, '2023-11-08', 2, '2023-11-07 17:00:00'),
(39, 2, '2023-11-09', 1, '2023-11-08 17:00:00'),
(40, 2, '2023-11-10', 2, '2023-11-09 17:00:00'),
(41, 2, '2023-11-11', 1, '2023-11-10 17:00:00'),
(42, 2, '2023-11-12', 1, '2023-11-11 17:00:00'),
(43, 2, '2023-11-13', 2, '2023-11-12 17:00:00'),
(44, 2, '2023-11-14', 2, '2023-11-13 17:00:00'),
(45, 2, '2023-11-15', 1, '2023-11-14 17:00:00'),
(46, 2, '2023-11-16', 1, '2023-11-15 17:00:00'),
(47, 2, '2023-11-17', 2, '2023-11-16 17:00:00'),
(48, 2, '2023-11-18', 2, '2023-11-17 17:00:00'),
(49, 2, '2023-11-19', 2, '2023-11-18 17:00:00'),
(50, 2, '2023-11-20', 1, '2023-11-19 17:00:00'),
(51, 2, '2023-11-21', 1, '2023-11-20 17:00:00'),
(52, 2, '2023-11-22', 1, '2023-11-21 17:00:00'),
(53, 2, '2023-11-23', 2, '2023-11-22 17:00:00'),
(54, 2, '2023-11-24', 2, '2023-11-23 17:00:00'),
(55, 2, '2023-11-25', 1, '2023-11-24 17:00:00'),
(56, 2, '2023-11-26', 1, '2023-11-25 17:00:00'),
(57, 2, '2023-11-27', 1, '2023-11-26 17:00:00'),
(58, 2, '2023-11-28', 1, '2023-11-27 17:00:00'),
(59, 2, '2023-11-29', 1, '2023-11-28 17:00:00'),
(60, 2, '2023-11-30', 2, '2023-11-29 17:00:00'),
(61, 3, '2023-11-01', 1, '2023-10-31 17:00:00'),
(62, 3, '2023-11-02', 1, '2023-11-01 17:00:00'),
(63, 3, '2023-11-03', 1, '2023-11-02 17:00:00'),
(64, 3, '2023-11-04', 1, '2023-11-03 17:00:00'),
(65, 3, '2023-11-05', 1, '2023-11-04 17:00:00'),
(66, 3, '2023-11-06', 1, '2023-11-05 17:00:00'),
(67, 3, '2023-11-07', 1, '2023-11-06 17:00:00'),
(68, 3, '2023-11-08', 1, '2023-11-07 17:00:00'),
(69, 3, '2023-11-09', 1, '2023-11-08 17:00:00'),
(70, 3, '2023-11-10', 1, '2023-11-09 17:00:00'),
(71, 3, '2023-11-11', 1, '2023-11-10 17:00:00'),
(72, 3, '2023-11-12', 1, '2023-11-11 17:00:00'),
(73, 3, '2023-11-13', 1, '2023-11-12 17:00:00'),
(74, 3, '2023-11-14', 1, '2023-11-13 17:00:00'),
(75, 3, '2023-11-15', 1, '2023-11-14 17:00:00'),
(76, 3, '2023-11-16', 1, '2023-11-15 17:00:00'),
(77, 3, '2023-11-17', 1, '2023-11-16 17:00:00'),
(78, 3, '2023-11-18', 1, '2023-11-17 17:00:00'),
(79, 3, '2023-11-19', 1, '2023-11-18 17:00:00'),
(80, 3, '2023-11-20', 1, '2023-11-19 17:00:00'),
(81, 3, '2023-11-21', 1, '2023-11-20 17:00:00'),
(82, 3, '2023-11-22', 1, '2023-11-21 17:00:00'),
(83, 3, '2023-11-23', 1, '2023-11-22 17:00:00'),
(84, 3, '2023-11-24', 1, '2023-11-23 17:00:00'),
(85, 3, '2023-11-25', 1, '2023-11-24 17:00:00'),
(86, 3, '2023-11-26', 1, '2023-11-25 17:00:00'),
(87, 3, '2023-11-27', 1, '2023-11-26 17:00:00'),
(88, 3, '2023-11-28', 1, '2023-11-27 17:00:00'),
(89, 3, '2023-11-29', 1, '2023-11-28 17:00:00'),
(90, 3, '2023-11-30', 1, '2023-11-29 17:00:00'),
(91, 4, '2023-11-01', 2, '2023-10-31 17:00:00'),
(92, 4, '2023-11-02', 2, '2023-11-01 17:00:00'),
(93, 4, '2023-11-03', 2, '2023-11-02 17:00:00'),
(94, 4, '2023-11-04', 1, '2023-11-03 17:00:00'),
(95, 4, '2023-11-05', 2, '2023-11-04 17:00:00'),
(96, 4, '2023-11-06', 2, '2023-11-05 17:00:00'),
(97, 4, '2023-11-07', 1, '2023-11-06 17:00:00'),
(98, 4, '2023-11-08', 1, '2023-11-07 17:00:00'),
(99, 4, '2023-11-09', 2, '2023-11-08 17:00:00'),
(100, 4, '2023-11-10', 2, '2023-11-09 17:00:00'),
(101, 4, '2023-11-11', 2, '2023-11-10 17:00:00'),
(102, 4, '2023-11-12', 1, '2023-11-11 17:00:00'),
(103, 4, '2023-11-13', 1, '2023-11-12 17:00:00'),
(104, 4, '2023-11-14', 1, '2023-11-13 17:00:00'),
(105, 4, '2023-11-15', 1, '2023-11-14 17:00:00'),
(106, 4, '2023-11-16', 1, '2023-11-15 17:00:00'),
(107, 4, '2023-11-17', 1, '2023-11-16 17:00:00'),
(108, 4, '2023-11-18', 1, '2023-11-17 17:00:00'),
(109, 4, '2023-11-19', 2, '2023-11-18 17:00:00'),
(110, 4, '2023-11-20', 1, '2023-11-19 17:00:00'),
(111, 4, '2023-11-21', 2, '2023-11-20 17:00:00'),
(112, 4, '2023-11-22', 1, '2023-11-21 17:00:00'),
(113, 4, '2023-11-23', 2, '2023-11-22 17:00:00'),
(114, 4, '2023-11-24', 1, '2023-11-23 17:00:00'),
(115, 4, '2023-11-25', 1, '2023-11-24 17:00:00'),
(116, 4, '2023-11-26', 1, '2023-11-25 17:00:00'),
(117, 4, '2023-11-27', 1, '2023-11-26 17:00:00'),
(118, 4, '2023-11-28', 1, '2023-11-27 17:00:00'),
(119, 4, '2023-11-29', 1, '2023-11-28 17:00:00'),
(120, 4, '2023-11-30', 2, '2023-11-29 17:00:00'),
(121, 5, '2023-11-01', 1, '2023-10-31 17:00:00'),
(122, 5, '2023-11-02', 1, '2023-11-01 17:00:00'),
(123, 5, '2023-11-03', 1, '2023-11-02 17:00:00'),
(124, 5, '2023-11-04', 1, '2023-11-03 17:00:00'),
(125, 5, '2023-11-05', 1, '2023-11-04 17:00:00'),
(126, 5, '2023-11-06', 2, '2023-11-05 17:00:00'),
(127, 5, '2023-11-07', 2, '2023-11-06 17:00:00'),
(128, 5, '2023-11-08', 1, '2023-11-07 17:00:00'),
(129, 5, '2023-11-09', 1, '2023-11-08 17:00:00'),
(130, 5, '2023-11-10', 2, '2023-11-09 17:00:00'),
(131, 5, '2023-11-11', 1, '2023-11-10 17:00:00'),
(132, 5, '2023-11-12', 1, '2023-11-11 17:00:00'),
(133, 5, '2023-11-13', 1, '2023-11-12 17:00:00'),
(134, 5, '2023-11-14', 2, '2023-11-13 17:00:00'),
(135, 5, '2023-11-15', 1, '2023-11-14 17:00:00'),
(136, 5, '2023-11-16', 1, '2023-11-15 17:00:00'),
(137, 5, '2023-11-17', 2, '2023-11-16 17:00:00'),
(138, 5, '2023-11-18', 1, '2023-11-17 17:00:00'),
(139, 5, '2023-11-19', 2, '2023-11-18 17:00:00'),
(140, 5, '2023-11-20', 1, '2023-11-19 17:00:00'),
(141, 5, '2023-11-21', 1, '2023-11-20 17:00:00'),
(142, 5, '2023-11-22', 2, '2023-11-21 17:00:00'),
(143, 5, '2023-11-23', 1, '2023-11-22 17:00:00'),
(144, 5, '2023-11-24', 1, '2023-11-23 17:00:00'),
(145, 5, '2023-11-25', 1, '2023-11-24 17:00:00'),
(146, 5, '2023-11-26', 1, '2023-11-25 17:00:00'),
(147, 5, '2023-11-27', 1, '2023-11-26 17:00:00'),
(148, 5, '2023-11-28', 1, '2023-11-27 17:00:00'),
(149, 5, '2023-11-29', 1, '2023-11-28 17:00:00'),
(150, 5, '2023-11-30', 2, '2023-11-29 17:00:00'),
(151, 6, '2023-11-01', 2, '2023-10-31 17:00:00'),
(152, 6, '2023-11-02', 1, '2023-11-01 17:00:00'),
(153, 6, '2023-11-03', 1, '2023-11-02 17:00:00'),
(154, 6, '2023-11-04', 2, '2023-11-03 17:00:00'),
(155, 6, '2023-11-05', 2, '2023-11-04 17:00:00'),
(156, 6, '2023-11-06', 1, '2023-11-05 17:00:00'),
(157, 6, '2023-11-07', 1, '2023-11-06 17:00:00'),
(158, 6, '2023-11-08', 1, '2023-11-07 17:00:00'),
(159, 6, '2023-11-09', 1, '2023-11-08 17:00:00'),
(160, 6, '2023-11-10', 2, '2023-11-09 17:00:00'),
(161, 6, '2023-11-11', 2, '2023-11-10 17:00:00'),
(162, 6, '2023-11-12', 2, '2023-11-11 17:00:00'),
(163, 6, '2023-11-13', 1, '2023-11-12 17:00:00'),
(164, 6, '2023-11-14', 1, '2023-11-13 17:00:00'),
(165, 6, '2023-11-15', 1, '2023-11-14 17:00:00'),
(166, 6, '2023-11-16', 1, '2023-11-15 17:00:00'),
(167, 6, '2023-11-17', 2, '2023-11-16 17:00:00'),
(168, 6, '2023-11-18', 1, '2023-11-17 17:00:00'),
(169, 6, '2023-11-19', 1, '2023-11-18 17:00:00'),
(170, 6, '2023-11-20', 2, '2023-11-19 17:00:00'),
(171, 6, '2023-11-21', 1, '2023-11-20 17:00:00'),
(172, 6, '2023-11-22', 1, '2023-11-21 17:00:00'),
(173, 6, '2023-11-23', 1, '2023-11-22 17:00:00'),
(174, 6, '2023-11-24', 2, '2023-11-23 17:00:00'),
(175, 6, '2023-11-25', 1, '2023-11-24 17:00:00'),
(176, 6, '2023-11-26', 2, '2023-11-25 17:00:00'),
(177, 6, '2023-11-27', 1, '2023-11-26 17:00:00'),
(178, 6, '2023-11-28', 1, '2023-11-27 17:00:00'),
(179, 6, '2023-11-29', 1, '2023-11-28 17:00:00'),
(180, 6, '2023-11-30', 1, '2023-11-29 17:00:00'),
(181, 7, '2023-11-01', 1, '2023-10-31 17:00:00'),
(182, 7, '2023-11-02', 2, '2023-11-01 17:00:00'),
(183, 7, '2023-11-03', 1, '2023-11-02 17:00:00'),
(184, 7, '2023-11-04', 2, '2023-11-03 17:00:00'),
(185, 7, '2023-11-05', 1, '2023-11-04 17:00:00'),
(186, 7, '2023-11-06', 1, '2023-11-05 17:00:00'),
(187, 7, '2023-11-07', 2, '2023-11-06 17:00:00'),
(188, 7, '2023-11-08', 2, '2023-11-07 17:00:00'),
(189, 7, '2023-11-09', 2, '2023-11-08 17:00:00'),
(190, 7, '2023-11-10', 1, '2023-11-09 17:00:00'),
(191, 7, '2023-11-11', 1, '2023-11-10 17:00:00'),
(192, 7, '2023-11-12', 2, '2023-11-11 17:00:00'),
(193, 7, '2023-11-13', 1, '2023-11-12 17:00:00'),
(194, 7, '2023-11-14', 1, '2023-11-13 17:00:00'),
(195, 7, '2023-11-15', 2, '2023-11-14 17:00:00'),
(196, 7, '2023-11-16', 1, '2023-11-15 17:00:00'),
(197, 7, '2023-11-17', 1, '2023-11-16 17:00:00'),
(198, 7, '2023-11-18', 2, '2023-11-17 17:00:00'),
(199, 7, '2023-11-19', 1, '2023-11-18 17:00:00'),
(200, 7, '2023-11-20', 1, '2023-11-19 17:00:00'),
(201, 7, '2023-11-21', 1, '2023-11-20 17:00:00'),
(202, 7, '2023-11-22', 1, '2023-11-21 17:00:00'),
(203, 7, '2023-11-23', 1, '2023-11-22 17:00:00'),
(204, 7, '2023-11-24', 2, '2023-11-23 17:00:00'),
(205, 7, '2023-11-25', 2, '2023-11-24 17:00:00'),
(206, 7, '2023-11-26', 1, '2023-11-25 17:00:00'),
(207, 7, '2023-11-27', 1, '2023-11-26 17:00:00'),
(208, 7, '2023-11-28', 1, '2023-11-27 17:00:00'),
(209, 7, '2023-11-29', 2, '2023-11-28 17:00:00'),
(210, 7, '2023-11-30', 1, '2023-11-29 17:00:00'),
(211, 8, '2023-11-01', 2, '2023-10-31 17:00:00'),
(212, 8, '2023-11-02', 2, '2023-11-01 17:00:00'),
(213, 8, '2023-11-03', 1, '2023-11-02 17:00:00'),
(214, 8, '2023-11-04', 1, '2023-11-03 17:00:00'),
(215, 8, '2023-11-05', 2, '2023-11-04 17:00:00'),
(216, 8, '2023-11-06', 2, '2023-11-05 17:00:00'),
(217, 8, '2023-11-07', 1, '2023-11-06 17:00:00'),
(218, 8, '2023-11-08', 1, '2023-11-07 17:00:00'),
(219, 8, '2023-11-09', 1, '2023-11-08 17:00:00'),
(220, 8, '2023-11-10', 2, '2023-11-09 17:00:00'),
(221, 8, '2023-11-11', 1, '2023-11-10 17:00:00'),
(222, 8, '2023-11-12', 2, '2023-11-11 17:00:00'),
(223, 8, '2023-11-13', 2, '2023-11-12 17:00:00'),
(224, 8, '2023-11-14', 2, '2023-11-13 17:00:00'),
(225, 8, '2023-11-15', 2, '2023-11-14 17:00:00'),
(226, 8, '2023-11-16', 1, '2023-11-15 17:00:00'),
(227, 8, '2023-11-17', 2, '2023-11-16 17:00:00'),
(228, 8, '2023-11-18', 1, '2023-11-17 17:00:00'),
(229, 8, '2023-11-19', 2, '2023-11-18 17:00:00'),
(230, 8, '2023-11-20', 1, '2023-11-19 17:00:00'),
(231, 8, '2023-11-21', 1, '2023-11-20 17:00:00'),
(232, 8, '2023-11-22', 2, '2023-11-21 17:00:00'),
(233, 8, '2023-11-23', 2, '2023-11-22 17:00:00'),
(234, 8, '2023-11-24', 1, '2023-11-23 17:00:00'),
(235, 8, '2023-11-25', 2, '2023-11-24 17:00:00'),
(236, 8, '2023-11-26', 1, '2023-11-25 17:00:00'),
(237, 8, '2023-11-27', 1, '2023-11-26 17:00:00'),
(238, 8, '2023-11-28', 1, '2023-11-27 17:00:00'),
(239, 8, '2023-11-29', 1, '2023-11-28 17:00:00'),
(240, 8, '2023-11-30', 2, '2023-11-29 17:00:00'),
(241, 9, '2023-11-01', 1, '2023-10-31 17:00:00'),
(242, 9, '2023-11-02', 1, '2023-11-01 17:00:00'),
(243, 9, '2023-11-03', 2, '2023-11-02 17:00:00'),
(244, 9, '2023-11-04', 2, '2023-11-03 17:00:00'),
(245, 9, '2023-11-05', 1, '2023-11-04 17:00:00'),
(246, 9, '2023-11-06', 1, '2023-11-05 17:00:00'),
(247, 9, '2023-11-07', 1, '2023-11-06 17:00:00'),
(248, 9, '2023-11-08', 2, '2023-11-07 17:00:00'),
(249, 9, '2023-11-09', 2, '2023-11-08 17:00:00'),
(250, 9, '2023-11-10', 2, '2023-11-09 17:00:00'),
(251, 9, '2023-11-11', 2, '2023-11-10 17:00:00'),
(252, 9, '2023-11-12', 2, '2023-11-11 17:00:00'),
(253, 9, '2023-11-13', 1, '2023-11-12 17:00:00'),
(254, 9, '2023-11-14', 1, '2023-11-13 17:00:00'),
(255, 9, '2023-11-15', 1, '2023-11-14 17:00:00'),
(256, 9, '2023-11-16', 1, '2023-11-15 17:00:00'),
(257, 9, '2023-11-17', 1, '2023-11-16 17:00:00'),
(258, 9, '2023-11-18', 2, '2023-11-17 17:00:00'),
(259, 9, '2023-11-19', 1, '2023-11-18 17:00:00'),
(260, 9, '2023-11-20', 2, '2023-11-19 17:00:00'),
(261, 9, '2023-11-21', 1, '2023-11-20 17:00:00'),
(262, 9, '2023-11-22', 1, '2023-11-21 17:00:00'),
(263, 9, '2023-11-23', 1, '2023-11-22 17:00:00'),
(264, 9, '2023-11-24', 1, '2023-11-23 17:00:00'),
(265, 9, '2023-11-25', 2, '2023-11-24 17:00:00'),
(266, 9, '2023-11-26', 1, '2023-11-25 17:00:00'),
(267, 9, '2023-11-27', 2, '2023-11-26 17:00:00'),
(268, 9, '2023-11-28', 1, '2023-11-27 17:00:00'),
(269, 9, '2023-11-29', 1, '2023-11-28 17:00:00'),
(270, 9, '2023-11-30', 2, '2023-11-29 17:00:00'),
(271, 10, '2023-11-01', 2, '2023-10-31 17:00:00'),
(272, 10, '2023-11-02', 2, '2023-11-01 17:00:00'),
(273, 10, '2023-11-03', 1, '2023-11-02 17:00:00'),
(274, 10, '2023-11-04', 1, '2023-11-03 17:00:00'),
(275, 10, '2023-11-05', 1, '2023-11-04 17:00:00'),
(276, 10, '2023-11-06', 2, '2023-11-05 17:00:00'),
(277, 10, '2023-11-07', 1, '2023-11-06 17:00:00'),
(278, 10, '2023-11-08', 2, '2023-11-07 17:00:00'),
(279, 10, '2023-11-09', 2, '2023-11-08 17:00:00'),
(280, 10, '2023-11-10', 1, '2023-11-09 17:00:00'),
(281, 10, '2023-11-11', 2, '2023-11-10 17:00:00'),
(282, 10, '2023-11-12', 2, '2023-11-11 17:00:00'),
(283, 10, '2023-11-13', 1, '2023-11-12 17:00:00'),
(284, 10, '2023-11-14', 1, '2023-11-13 17:00:00'),
(285, 10, '2023-11-15', 1, '2023-11-14 17:00:00'),
(286, 10, '2023-11-16', 1, '2023-11-15 17:00:00'),
(287, 10, '2023-11-17', 2, '2023-11-16 17:00:00'),
(288, 10, '2023-11-18', 1, '2023-11-17 17:00:00'),
(289, 10, '2023-11-19', 1, '2023-11-18 17:00:00'),
(290, 10, '2023-11-20', 1, '2023-11-19 17:00:00'),
(291, 10, '2023-11-21', 1, '2023-11-20 17:00:00'),
(292, 10, '2023-11-22', 2, '2023-11-21 17:00:00'),
(293, 10, '2023-11-23', 2, '2023-11-22 17:00:00'),
(294, 10, '2023-11-24', 1, '2023-11-23 17:00:00'),
(295, 10, '2023-11-25', 2, '2023-11-24 17:00:00'),
(296, 10, '2023-11-26', 1, '2023-11-25 17:00:00'),
(297, 10, '2023-11-27', 2, '2023-11-26 17:00:00'),
(298, 10, '2023-11-28', 1, '2023-11-27 17:00:00'),
(299, 10, '2023-11-29', 1, '2023-11-28 17:00:00'),
(300, 10, '2023-11-30', 1, '2023-11-29 17:00:00'),
(301, 11, '2023-11-01', 1, '2023-10-31 17:00:00'),
(302, 11, '2023-11-02', 1, '2023-11-01 17:00:00'),
(303, 11, '2023-11-03', 2, '2023-11-02 17:00:00'),
(304, 11, '2023-11-04', 1, '2023-11-03 17:00:00'),
(305, 11, '2023-11-05', 1, '2023-11-04 17:00:00'),
(306, 11, '2023-11-06', 2, '2023-11-05 17:00:00'),
(307, 11, '2023-11-07', 2, '2023-11-06 17:00:00'),
(308, 11, '2023-11-08', 1, '2023-11-07 17:00:00'),
(309, 11, '2023-11-09', 1, '2023-11-08 17:00:00'),
(310, 11, '2023-11-10', 2, '2023-11-09 17:00:00'),
(311, 11, '2023-11-11', 2, '2023-11-10 17:00:00'),
(312, 11, '2023-11-12', 2, '2023-11-11 17:00:00'),
(313, 11, '2023-11-13', 1, '2023-11-12 17:00:00'),
(314, 11, '2023-11-14', 1, '2023-11-13 17:00:00'),
(315, 11, '2023-11-15', 2, '2023-11-14 17:00:00'),
(316, 11, '2023-11-16', 1, '2023-11-15 17:00:00'),
(317, 11, '2023-11-17', 1, '2023-11-16 17:00:00'),
(318, 11, '2023-11-18', 1, '2023-11-17 17:00:00'),
(319, 11, '2023-11-19', 1, '2023-11-18 17:00:00'),
(320, 11, '2023-11-20', 2, '2023-11-19 17:00:00'),
(321, 11, '2023-11-21', 1, '2023-11-20 17:00:00'),
(322, 11, '2023-11-22', 1, '2023-11-21 17:00:00'),
(323, 11, '2023-11-23', 2, '2023-11-22 17:00:00'),
(324, 11, '2023-11-24', 2, '2023-11-23 17:00:00'),
(325, 11, '2023-11-25', 2, '2023-11-24 17:00:00'),
(326, 11, '2023-11-26', 1, '2023-11-25 17:00:00'),
(327, 11, '2023-11-27', 2, '2023-11-26 17:00:00'),
(328, 11, '2023-11-28', 1, '2023-11-27 17:00:00'),
(329, 11, '2023-11-29', 2, '2023-11-28 17:00:00'),
(330, 11, '2023-11-30', 1, '2023-11-29 17:00:00'),
(331, 12, '2023-11-01', 1, '2023-10-31 17:00:00'),
(332, 12, '2023-11-02', 1, '2023-11-01 17:00:00'),
(333, 12, '2023-11-03', 1, '2023-11-02 17:00:00'),
(334, 12, '2023-11-04', 2, '2023-11-03 17:00:00'),
(335, 12, '2023-11-05', 2, '2023-11-04 17:00:00'),
(336, 12, '2023-11-06', 1, '2023-11-05 17:00:00'),
(337, 12, '2023-11-07', 2, '2023-11-06 17:00:00'),
(338, 12, '2023-11-08', 1, '2023-11-07 17:00:00'),
(339, 12, '2023-11-09', 2, '2023-11-08 17:00:00'),
(340, 12, '2023-11-10', 1, '2023-11-09 17:00:00'),
(341, 12, '2023-11-11', 2, '2023-11-10 17:00:00'),
(342, 12, '2023-11-12', 1, '2023-11-11 17:00:00'),
(343, 12, '2023-11-13', 1, '2023-11-12 17:00:00'),
(344, 12, '2023-11-14', 1, '2023-11-13 17:00:00'),
(345, 12, '2023-11-15', 1, '2023-11-14 17:00:00'),
(346, 12, '2023-11-16', 1, '2023-11-15 17:00:00'),
(347, 12, '2023-11-17', 2, '2023-11-16 17:00:00'),
(348, 12, '2023-11-18', 1, '2023-11-17 17:00:00'),
(349, 12, '2023-11-19', 2, '2023-11-18 17:00:00'),
(350, 12, '2023-11-20', 1, '2023-11-19 17:00:00'),
(351, 12, '2023-11-21', 1, '2023-11-20 17:00:00'),
(352, 12, '2023-11-22', 1, '2023-11-21 17:00:00'),
(353, 12, '2023-11-23', 1, '2023-11-22 17:00:00'),
(354, 12, '2023-11-24', 2, '2023-11-23 17:00:00'),
(355, 12, '2023-11-25', 1, '2023-11-24 17:00:00'),
(356, 12, '2023-11-26', 1, '2023-11-25 17:00:00'),
(357, 12, '2023-11-27', 2, '2023-11-26 17:00:00'),
(358, 12, '2023-11-28', 2, '2023-11-27 17:00:00'),
(359, 12, '2023-11-29', 1, '2023-11-28 17:00:00'),
(360, 12, '2023-11-30', 1, '2023-11-29 17:00:00'),
(361, 13, '2023-11-01', 2, '2023-10-31 17:00:00'),
(362, 13, '2023-11-02', 1, '2023-11-01 17:00:00'),
(363, 13, '2023-11-03', 1, '2023-11-02 17:00:00'),
(364, 13, '2023-11-04', 1, '2023-11-03 17:00:00'),
(365, 13, '2023-11-05', 2, '2023-11-04 17:00:00'),
(366, 13, '2023-11-06', 2, '2023-11-05 17:00:00'),
(367, 13, '2023-11-07', 1, '2023-11-06 17:00:00'),
(368, 13, '2023-11-08', 2, '2023-11-07 17:00:00'),
(369, 13, '2023-11-09', 1, '2023-11-08 17:00:00'),
(370, 13, '2023-11-10', 1, '2023-11-09 17:00:00'),
(371, 13, '2023-11-11', 2, '2023-11-10 17:00:00'),
(372, 13, '2023-11-12', 1, '2023-11-11 17:00:00'),
(373, 13, '2023-11-13', 1, '2023-11-12 17:00:00'),
(374, 13, '2023-11-14', 1, '2023-11-13 17:00:00'),
(375, 13, '2023-11-15', 1, '2023-11-14 17:00:00'),
(376, 13, '2023-11-16', 1, '2023-11-15 17:00:00'),
(377, 13, '2023-11-17', 1, '2023-11-16 17:00:00'),
(378, 13, '2023-11-18', 1, '2023-11-17 17:00:00'),
(379, 13, '2023-11-19', 2, '2023-11-18 17:00:00'),
(380, 13, '2023-11-20', 1, '2023-11-19 17:00:00'),
(381, 13, '2023-11-21', 1, '2023-11-20 17:00:00'),
(382, 13, '2023-11-22', 1, '2023-11-21 17:00:00'),
(383, 13, '2023-11-23', 2, '2023-11-22 17:00:00'),
(384, 13, '2023-11-24', 2, '2023-11-23 17:00:00'),
(385, 13, '2023-11-25', 1, '2023-11-24 17:00:00'),
(386, 13, '2023-11-26', 2, '2023-11-25 17:00:00'),
(387, 13, '2023-11-27', 1, '2023-11-26 17:00:00'),
(388, 13, '2023-11-28', 1, '2023-11-27 17:00:00'),
(389, 13, '2023-11-29', 1, '2023-11-28 17:00:00'),
(390, 13, '2023-11-30', 1, '2023-11-29 17:00:00'),
(391, 14, '2023-11-01', 1, '2023-10-31 17:00:00'),
(392, 14, '2023-11-02', 1, '2023-11-01 17:00:00'),
(393, 14, '2023-11-03', 1, '2023-11-02 17:00:00'),
(394, 14, '2023-11-04', 1, '2023-11-03 17:00:00'),
(395, 14, '2023-11-05', 2, '2023-11-04 17:00:00'),
(396, 14, '2023-11-06', 2, '2023-11-05 17:00:00'),
(397, 14, '2023-11-07', 1, '2023-11-06 17:00:00'),
(398, 14, '2023-11-08', 2, '2023-11-07 17:00:00'),
(399, 14, '2023-11-09', 1, '2023-11-08 17:00:00'),
(400, 14, '2023-11-10', 1, '2023-11-09 17:00:00'),
(401, 14, '2023-11-11', 2, '2023-11-10 17:00:00'),
(402, 14, '2023-11-12', 1, '2023-11-11 17:00:00'),
(403, 14, '2023-11-13', 1, '2023-11-12 17:00:00'),
(404, 14, '2023-11-14', 2, '2023-11-13 17:00:00'),
(405, 14, '2023-11-15', 1, '2023-11-14 17:00:00'),
(406, 14, '2023-11-16', 1, '2023-11-15 17:00:00'),
(407, 14, '2023-11-17', 1, '2023-11-16 17:00:00'),
(408, 14, '2023-11-18', 1, '2023-11-17 17:00:00'),
(409, 14, '2023-11-19', 1, '2023-11-18 17:00:00'),
(410, 14, '2023-11-20', 1, '2023-11-19 17:00:00'),
(411, 14, '2023-11-21', 2, '2023-11-20 17:00:00'),
(412, 14, '2023-11-22', 1, '2023-11-21 17:00:00'),
(413, 14, '2023-11-23', 2, '2023-11-22 17:00:00'),
(414, 14, '2023-11-24', 2, '2023-11-23 17:00:00'),
(415, 14, '2023-11-25', 1, '2023-11-24 17:00:00'),
(416, 14, '2023-11-26', 1, '2023-11-25 17:00:00'),
(417, 14, '2023-11-27', 1, '2023-11-26 17:00:00'),
(418, 14, '2023-11-28', 1, '2023-11-27 17:00:00'),
(419, 14, '2023-11-29', 1, '2023-11-28 17:00:00'),
(420, 14, '2023-11-30', 2, '2023-11-29 17:00:00'),
(421, 15, '2023-11-01', 2, '2023-10-31 17:00:00'),
(422, 15, '2023-11-02', 2, '2023-11-01 17:00:00'),
(423, 15, '2023-11-03', 2, '2023-11-02 17:00:00'),
(424, 15, '2023-11-04', 1, '2023-11-03 17:00:00'),
(425, 15, '2023-11-05', 2, '2023-11-04 17:00:00'),
(426, 15, '2023-11-06', 1, '2023-11-05 17:00:00'),
(427, 15, '2023-11-07', 1, '2023-11-06 17:00:00'),
(428, 15, '2023-11-08', 1, '2023-11-07 17:00:00'),
(429, 15, '2023-11-09', 1, '2023-11-08 17:00:00'),
(430, 15, '2023-11-10', 1, '2023-11-09 17:00:00'),
(431, 15, '2023-11-11', 1, '2023-11-10 17:00:00'),
(432, 15, '2023-11-12', 2, '2023-11-11 17:00:00'),
(433, 15, '2023-11-13', 1, '2023-11-12 17:00:00'),
(434, 15, '2023-11-14', 2, '2023-11-13 17:00:00'),
(435, 15, '2023-11-15', 1, '2023-11-14 17:00:00'),
(436, 15, '2023-11-16', 1, '2023-11-15 17:00:00'),
(437, 15, '2023-11-17', 2, '2023-11-16 17:00:00'),
(438, 15, '2023-11-18', 1, '2023-11-17 17:00:00'),
(439, 15, '2023-11-19', 1, '2023-11-18 17:00:00'),
(440, 15, '2023-11-20', 1, '2023-11-19 17:00:00'),
(441, 15, '2023-11-21', 2, '2023-11-20 17:00:00'),
(442, 15, '2023-11-22', 1, '2023-11-21 17:00:00'),
(443, 15, '2023-11-23', 1, '2023-11-22 17:00:00'),
(444, 15, '2023-11-24', 1, '2023-11-23 17:00:00'),
(445, 15, '2023-11-25', 2, '2023-11-24 17:00:00'),
(446, 15, '2023-11-26', 1, '2023-11-25 17:00:00'),
(447, 15, '2023-11-27', 1, '2023-11-26 17:00:00'),
(448, 15, '2023-11-28', 1, '2023-11-27 17:00:00'),
(449, 15, '2023-11-29', 1, '2023-11-28 17:00:00'),
(450, 15, '2023-11-30', 1, '2023-11-29 17:00:00'),
(451, 16, '2023-11-01', 1, '2023-10-31 17:00:00'),
(452, 16, '2023-11-02', 1, '2023-11-01 17:00:00'),
(453, 16, '2023-11-03', 1, '2023-11-02 17:00:00'),
(454, 16, '2023-11-04', 1, '2023-11-03 17:00:00'),
(455, 16, '2023-11-05', 1, '2023-11-04 17:00:00'),
(456, 16, '2023-11-06', 2, '2023-11-05 17:00:00'),
(457, 16, '2023-11-07', 1, '2023-11-06 17:00:00'),
(458, 16, '2023-11-08', 1, '2023-11-07 17:00:00'),
(459, 16, '2023-11-09', 1, '2023-11-08 17:00:00'),
(460, 16, '2023-11-10', 1, '2023-11-09 17:00:00'),
(461, 16, '2023-11-11', 1, '2023-11-10 17:00:00'),
(462, 16, '2023-11-12', 2, '2023-11-11 17:00:00'),
(463, 16, '2023-11-13', 1, '2023-11-12 17:00:00'),
(464, 16, '2023-11-14', 2, '2023-11-13 17:00:00'),
(465, 16, '2023-11-15', 1, '2023-11-14 17:00:00'),
(466, 16, '2023-11-16', 1, '2023-11-15 17:00:00'),
(467, 16, '2023-11-17', 1, '2023-11-16 17:00:00'),
(468, 16, '2023-11-18', 2, '2023-11-17 17:00:00'),
(469, 16, '2023-11-19', 1, '2023-11-18 17:00:00'),
(470, 16, '2023-11-20', 1, '2023-11-19 17:00:00'),
(471, 16, '2023-11-21', 1, '2023-11-20 17:00:00'),
(472, 16, '2023-11-22', 1, '2023-11-21 17:00:00'),
(473, 16, '2023-11-23', 1, '2023-11-22 17:00:00'),
(474, 16, '2023-11-24', 1, '2023-11-23 17:00:00'),
(475, 16, '2023-11-25', 1, '2023-11-24 17:00:00'),
(476, 16, '2023-11-26', 1, '2023-11-25 17:00:00'),
(477, 16, '2023-11-27', 1, '2023-11-26 17:00:00'),
(478, 16, '2023-11-28', 2, '2023-11-27 17:00:00'),
(479, 16, '2023-11-29', 1, '2023-11-28 17:00:00'),
(480, 16, '2023-11-30', 2, '2023-11-29 17:00:00');

-- --------------------------------------------------------

--
-- Table structure for table `analisis`
--

CREATE TABLE `analisis` (
  `id_analisis` int(11) NOT NULL,
  `id_karyawan` int(11) NOT NULL,
  `tgl_proses` varchar(20) NOT NULL,
  `absensi` int(11) NOT NULL,
  `kualitas` int(11) NOT NULL,
  `lama_kerja` int(11) NOT NULL,
  `lemburan` int(11) DEFAULT NULL,
  `hasil` double NOT NULL,
  `periode` int(11) NOT NULL
) ENGINE=InnoDB DEFAULT CHARSET=latin1;

--
-- Dumping data for table `analisis`
--

INSERT INTO `analisis` (`id_analisis`, `id_karyawan`, `tgl_proses`, `absensi`, `kualitas`, `lama_kerja`, `lemburan`, `hasil`, `periode`) VALUES
(1, 1, '2023-12-15', 16, 0, 2, 1, 0.2754, 12),
(2, 2, '2023-12-15', 16, 0, 2, 10, 0.2754, 12),
(3, 3, '2023-12-15', 30, 2, 2, 11, 0.291, 12),
(4, 4, '2023-12-15', 18, 2, 2, 8, 0.0815, 12),
(5, 5, '2023-12-15', 22, 1, 1, 16, 0.1835, 12),
(6, 6, '2023-12-15', 20, 1, 3, 5, 0.131, 12),
(7, 7, '2023-12-15', 19, 2, 5, 0, 0.118, 12),
(8, 8, '2023-12-15', 15, 1, 4, 4, 0.1675, 12),
(9, 9, '2023-12-15', 18, 3, 4, 3, 0.118, 12),
(10, 10, '2023-12-15', 18, 1, 2, 4, 0.131, 12),
(11, 11, '2023-12-15', 17, 1, 5, 0, 0.1675, 12),
(12, 12, '2023-12-15', 20, 1, 5, 10, 0.1675, 12),
(13, 13, '2023-12-15', 21, 0, 4, 4, 0.3615, 12),
(14, 14, '2023-12-15', 21, 2, 5, 8, 0.1675, 12),
(15, 15, '2023-12-15', 21, 2, 1, 9, 0.1184, 12),
(17, 16, '2023-12-15', 24, 0, 1, 3, 0.4568, 12);

-- --------------------------------------------------------

--
-- Table structure for table `karyawan`
--

CREATE TABLE `karyawan` (
  `id_karyawan` int(11) NOT NULL,
  `id_user` int(11) NOT NULL,
  `nama_kar` varchar(125) NOT NULL,
  `jk_kar` varchar(30) NOT NULL,
  `alamat` text NOT NULL,
  `divisi` varchar(30) NOT NULL,
  `jabatan` varchar(30) NOT NULL,
  `no_hp` varchar(15) NOT NULL,
  `username` varchar(50) NOT NULL,
  `password` varchar(50) NOT NULL,
  `tgl_mulai_kerja` varchar(15) NOT NULL
) ENGINE=InnoDB DEFAULT CHARSET=latin1;

--
-- Dumping data for table `karyawan`
--

INSERT INTO `karyawan` (`id_karyawan`, `id_user`, `nama_kar`, `jk_kar`, `alamat`, `divisi`, `jabatan`, `no_hp`, `username`, `password`, `tgl_mulai_kerja`) VALUES
(1, 1, 'Syarifah Nada', 'Perempuan', 'Kuningan, Jawa Barat', 'Operation', 'Staff', '089987654543', 'syarifah nada', 'syarifah nada', '2022-02-01'),
(2, 1, 'Handy', 'Laki - Laki', 'Kuningan, Jawa Barat', 'Operation', 'Staff', '089675847488', 'handy', 'handy', '2021-08-02'),
(3, 1, 'Adu Zidan', 'Laki - Laki', 'Kuningan, Jawa Barat', 'Operation', 'Staff', '087464553652', 'adu zidan', 'adu zidan', '2022-01-01'),
(4, 1, 'Zakiya', 'Perempuan', 'Kuningan, Jawa Barat', 'Operation', 'Staff', '089487378833', 'zakiya', 'zakiya', '2022-01-12'),
(5, 1, 'Syahda', 'Perempuan', 'Kuningan, Jawa Barat', 'Operation', 'Staff', '087563555362', 'syahda', 'syahda', '2023-01-01'),
(6, 1, 'Ninda', 'Perempuan', 'Kuningan, Jawa Barat', 'Operation', 'Staff', '085637362668', 'ninda', 'ninda', '2021-01-03'),
(7, 1, 'Mutiara', 'Perempuan', 'Kuningan, Jawa Barat', 'Operation', 'Staff', '087636343789', 'mutiara', 'mutiara', '2019-02-01'),
(8, 1, 'Minah Azahra', 'Perempuan', 'Kuningan, Jawa Barat', 'Operation', 'Staff', '085123321331', 'minah azahra', 'minah azahra', '2020-01-02'),
(9, 1, 'Muhammad Irfan', 'Laki - Laki', 'Kuningan, Jawa Barat', 'Operation', 'Staff', '085462216177', 'muhammad irfan', 'muhammad irfan', '2020-01-01'),
(10, 1, 'Suryadi', 'Laki - Laki', 'Kuningan, Jawa Barat', 'Operation', 'Staff', '085243314451', 'suryadi', 'suryadi', '2022-01-01'),
(11, 1, 'Setyadi', 'Laki - Laki', 'Kuningan, Jawa Barat', 'Operation', 'Staff', '084233123425', 'setyadi', 'setyadi', '2019-01-01'),
(12, 1, 'Kerna', 'Laki - Laki', 'Kuningan, Jawa Barat', 'Operation', 'Staff', '087655537284', 'kerna', 'kerna', '2019-01-01'),
(13, 1, 'Lia Nursidah', 'Perempuan', 'Kuningan, Jawa Barat', 'Operation', 'Staff', '087848836122', 'lia nursidah', 'lia nursidah', '2020-01-01'),
(14, 1, 'Dida', 'Laki - Laki', 'Kuningan, Jawa Barat', 'Operation', 'Staff', '089837664552', 'dida', 'dida', '2019-02-01'),
(15, 1, 'Nuriman', 'Laki - Laki', 'Kuningan, Jawa Barat', 'Operation', 'Staff', '085524415633', 'nuriman', 'nuriman', '2023-01-01'),
(16, 1, 'Kaila', 'Perempuan', 'Kuningan, Jawa Barat', 'Operation', 'Staff', '089946377526', 'kaila', 'kaila', '2023-01-02');

-- --------------------------------------------------------

--
-- Table structure for table `kualitas_kerja`
--

CREATE TABLE `kualitas_kerja` (
  `id_kualitas` int(11) NOT NULL,
  `id_karyawan` varchar(20) NOT NULL,
  `tgl_sp` varchar(20) NOT NULL,
  `alasan_sp` text NOT NULL,
  `time` timestamp NOT NULL DEFAULT current_timestamp()
) ENGINE=InnoDB DEFAULT CHARSET=latin1;

--
-- Dumping data for table `kualitas_kerja`
--

INSERT INTO `kualitas_kerja` (`id_kualitas`, `id_karyawan`, `tgl_sp`, `alasan_sp`, `time`) VALUES
(1, '11', '2023-11-01', 'Tidak Memakai Atribut Lengkap', '2023-10-31 17:00:00'),
(2, '7', '2023-11-02', 'Tidak Memakai Atribut Lengkap', '2023-11-01 17:00:00'),
(3, '5', '2023-11-03', 'Tidak Memakai Atribut Lengkap', '2023-11-02 17:00:00'),
(4, '4', '2023-11-04', 'Tidak Memakai Atribut Lengkap', '2023-11-03 17:00:00'),
(5, '15', '2023-11-05', 'Tidak Memakai Atribut Lengkap', '2023-11-04 17:00:00'),
(6, '3', '2023-11-06', 'Tidak Memakai Atribut Lengkap', '2023-11-05 17:00:00'),
(7, '12', '2023-11-07', 'Tidak Memakai Atribut Lengkap', '2023-11-06 17:00:00'),
(8, '6', '2023-11-08', 'Tidak Memakai Atribut Lengkap', '2023-11-07 17:00:00'),
(9, '9', '2023-11-09', 'Tidak Memakai Atribut Lengkap', '2023-11-08 17:00:00'),
(10, '15', '2023-11-10', 'Tidak Memakai Atribut Lengkap', '2023-11-09 17:00:00'),
(11, '8', '2023-11-11', 'Tidak Memakai Atribut Lengkap', '2023-11-10 17:00:00'),
(12, '9', '2023-11-12', 'Tidak Memakai Atribut Lengkap', '2023-11-11 17:00:00'),
(13, '3', '2023-11-13', 'Tidak Memakai Atribut Lengkap', '2023-11-12 17:00:00'),
(14, '14', '2023-11-14', 'Tidak Memakai Atribut Lengkap', '2023-11-13 17:00:00'),
(15, '14', '2023-11-15', 'Tidak Memakai Atribut Lengkap', '2023-11-14 17:00:00'),
(16, '10', '2023-11-16', 'Tidak Memakai Atribut Lengkap', '2023-11-15 17:00:00'),
(17, '9', '2023-11-17', 'Tidak Memakai Atribut Lengkap', '2023-11-16 17:00:00'),
(18, '4', '2023-11-18', 'Tidak Memakai Atribut Lengkap', '2023-11-17 17:00:00'),
(19, '7', '2023-11-19', 'Tidak Memakai Atribut Lengkap', '2023-11-18 17:00:00');

-- --------------------------------------------------------

--
-- Table structure for table `lemburan`
--

CREATE TABLE `lemburan` (
  `id_lemburan` int(11) NOT NULL,
  `id_karyawan` int(11) NOT NULL,
  `jam_lembur` int(11) NOT NULL,
  `time` timestamp NOT NULL DEFAULT current_timestamp(),
  `tgl_lembur` varchar(15) NOT NULL
) ENGINE=InnoDB DEFAULT CHARSET=latin1;

--
-- Dumping data for table `lemburan`
--

INSERT INTO `lemburan` (`id_lemburan`, `id_karyawan`, `jam_lembur`, `time`, `tgl_lembur`) VALUES
(1, 3, 5, '2023-10-31 17:00:00', '2023-11-01'),
(2, 12, 1, '2023-11-01 17:00:00', '2023-11-02'),
(3, 5, 2, '2023-11-02 17:00:00', '2023-11-03'),
(4, 4, 2, '2023-11-03 17:00:00', '2023-11-04'),
(5, 15, 2, '2023-11-04 17:00:00', '2023-11-05'),
(6, 5, 5, '2023-11-05 17:00:00', '2023-11-06'),
(7, 3, 5, '2023-11-06 17:00:00', '2023-11-07'),
(8, 8, 3, '2023-11-07 17:00:00', '2023-11-08'),
(9, 13, 4, '2023-11-08 17:00:00', '2023-11-09'),
(10, 12, 4, '2023-11-09 17:00:00', '2023-11-10'),
(11, 2, 4, '2023-11-10 17:00:00', '2023-11-11'),
(12, 10, 4, '2023-11-11 17:00:00', '2023-11-12'),
(13, 6, 2, '2023-11-12 17:00:00', '2023-11-13'),
(14, 8, 1, '2023-11-13 17:00:00', '2023-11-14'),
(15, 15, 3, '2023-11-14 17:00:00', '2023-11-15'),
(16, 16, 3, '2023-11-15 17:00:00', '2023-11-16'),
(17, 2, 1, '2023-11-16 17:00:00', '2023-11-17'),
(18, 5, 7, '2023-11-17 17:00:00', '2023-11-18'),
(19, 4, 2, '2023-11-18 17:00:00', '2023-11-19'),
(20, 5, 2, '2023-11-19 17:00:00', '2023-11-20'),
(21, 6, 3, '2023-11-20 17:00:00', '2023-11-21'),
(22, 3, 1, '2023-11-21 17:00:00', '2023-11-22'),
(23, 1, 1, '2023-11-22 17:00:00', '2023-11-23'),
(24, 14, 5, '2023-11-23 17:00:00', '2023-11-24'),
(25, 14, 3, '2023-11-24 17:00:00', '2023-11-25'),
(26, 9, 3, '2023-11-25 17:00:00', '2023-11-26'),
(27, 15, 4, '2023-11-26 17:00:00', '2023-11-27'),
(28, 12, 5, '2023-11-27 17:00:00', '2023-11-28'),
(29, 2, 5, '2023-11-28 17:00:00', '2023-11-29'),
(30, 4, 4, '2023-11-29 17:00:00', '2023-11-30');

-- --------------------------------------------------------

--
-- Table structure for table `user`
--

CREATE TABLE `user` (
  `id_user` int(11) NOT NULL,
  `nama_user` varchar(125) NOT NULL,
  `alamat` text NOT NULL,
  `no_hp` varchar(15) NOT NULL,
  `username` varchar(125) NOT NULL,
  `password` varchar(125) NOT NULL,
  `level_user` int(11) NOT NULL
) ENGINE=InnoDB DEFAULT CHARSET=latin1;

--
-- Dumping data for table `user`
--

INSERT INTO `user` (`id_user`, `nama_user`, `alamat`, `no_hp`, `username`, `password`, `level_user`) VALUES
(1, 'Admin', 'Kuningan, Jawa Barat', '089987654543', 'admin', 'admin', 1),
(2, 'HRD', 'Kuningan, Jawa Barat', '089987654343', 'hrd', 'hrd', 2),
(3, 'Pemilik', 'Kuningan, Jawa Barat', '087889812321', 'pemilik', 'pemilik', 3);

--
-- Indexes for dumped tables
--

--
-- Indexes for table `absensi`
--
ALTER TABLE `absensi`
  ADD PRIMARY KEY (`id_absensi`);

--
-- Indexes for table `analisis`
--
ALTER TABLE `analisis`
  ADD PRIMARY KEY (`id_analisis`);

--
-- Indexes for table `karyawan`
--
ALTER TABLE `karyawan`
  ADD PRIMARY KEY (`id_karyawan`);

--
-- Indexes for table `kualitas_kerja`
--
ALTER TABLE `kualitas_kerja`
  ADD PRIMARY KEY (`id_kualitas`);

--
-- Indexes for table `lemburan`
--
ALTER TABLE `lemburan`
  ADD PRIMARY KEY (`id_lemburan`);

--
-- Indexes for table `user`
--
ALTER TABLE `user`
  ADD PRIMARY KEY (`id_user`);

--
-- AUTO_INCREMENT for dumped tables
--

--
-- AUTO_INCREMENT for table `absensi`
--
ALTER TABLE `absensi`
  MODIFY `id_absensi` int(11) NOT NULL AUTO_INCREMENT, AUTO_INCREMENT=481;

--
-- AUTO_INCREMENT for table `analisis`
--
ALTER TABLE `analisis`
  MODIFY `id_analisis` int(11) NOT NULL AUTO_INCREMENT, AUTO_INCREMENT=18;

--
-- AUTO_INCREMENT for table `karyawan`
--
ALTER TABLE `karyawan`
  MODIFY `id_karyawan` int(11) NOT NULL AUTO_INCREMENT, AUTO_INCREMENT=17;

--
-- AUTO_INCREMENT for table `kualitas_kerja`
--
ALTER TABLE `kualitas_kerja`
  MODIFY `id_kualitas` int(11) NOT NULL AUTO_INCREMENT, AUTO_INCREMENT=20;

--
-- AUTO_INCREMENT for table `lemburan`
--
ALTER TABLE `lemburan`
  MODIFY `id_lemburan` int(11) NOT NULL AUTO_INCREMENT, AUTO_INCREMENT=31;

--
-- AUTO_INCREMENT for table `user`
--
ALTER TABLE `user`
  MODIFY `id_user` int(11) NOT NULL AUTO_INCREMENT, AUTO_INCREMENT=4;
COMMIT;

/*!40101 SET CHARACTER_SET_CLIENT=@OLD_CHARACTER_SET_CLIENT */;
/*!40101 SET CHARACTER_SET_RESULTS=@OLD_CHARACTER_SET_RESULTS */;
/*!40101 SET COLLATION_CONNECTION=@OLD_COLLATION_CONNECTION */;
